name,amount
Kathy,6225
Chancey,6410
Rosemarie,8726
Jason,5832
Melicent,6063
Claudio,5704
Ahmad,224
Natalee,5785
Gianni,1108
Obadiah,5393
Noelani,6207
Claribel,9862
Ugo,9252
Valdemar,4793
Skye,9974
Heath,1847
Niki,7486
Austen,9561
Amanda,3714
Tiffy,4192
Krispin,7808
Molli,6238
Grethel,9818
Crin,2221
Alexi,5194
Indira,8317
Gibb,5876
Grete,1469
Milo,8888
Ianthe,468
Clarita,5279
Torr,5684
Vanna,7964
Gerrie,3214
Dore,1261
Asher,5500
Stephan,1931
Spike,5477
Minor,3996
My,2154
Giovanna,3166
Em,8995
Abbe,940
Tilda,5698
Letta,8134
Constance,8957
Dena,7107
Kimmy,9787
Alli,1810
Kandy,5989
Concordia,7181
Ferd,7879
Catherina,3393
Isis,8266
Liv,9759
Georgianne,8382
Cash,6396
Idalia,6041
Jeni,2430
Lance,4366
Waneta,1977
Ruthie,2862
Ellary,4121
Silvia,8987
Jourdan,8918
Winna,4509
Rod,9524
Curran,2926
Gleda,2779
Jackson,8789
Gilberto,2458
Cherin,8651
Rubi,7073
Aileen,7005
Kassie,7414
Dotti,2480
Tonnie,7010
Faye,6534
Dillon,3123
Raine,7493
Garrard,2355
Daryle,1925
Fax,561
Hanna,4054
Nikolaos,2013
Caroline,7212
Dugald,9460
Rhetta,1625
Estell,9089
Jillana,2801
Earl,538
Donni,8528
Mel,5311
Roseanna,2196
Bobby,1277
Juan,2002
Catriona,7267
Imogen,4306
Ulrikaumeko,768
Devlin,4937
Charlie,4988
Averil,9167
Anthiathia,6269
Nora,2327
Tan,1990
Sybyl,4629
Reinold,1256
Stace,1372
Benyamin,2725
Lona,7509
Padraic,4650
Huntley,4866
Stanly,5658
Thorny,910
Ally,9893
Melba,3702
Kaitlynn,149
Jeannie,304
Margot,9750
Maureen,1534
Raff,9666
Gerta,9732
Camile,8045
Faunie,6896
Valenka,7455
Justinn,5031
Mattheus,8310
Armstrong,793
Zebedee,6071
Hunfredo,5073
Raddy,6032
Marshal,4754
Murvyn,3595
Evvy,6668
Candra,7442
Stanfield,3965
Drusy,6655
Courtney,6987
Ernest,4811
Bald,9169
Emelen,3534
Bent,6900
Gard,591
Ferd,8430
Brett,1113
Gherardo,7998
Jermain,1344
Ardelis,6094
Gustavus,5026
Myra,4693
Emili,6743
Theodoric,7968
Peggi,870
Leona,3204
Ceciley,8921
Normy,8147
Courtnay,9177
Aubine,5972
Karyl,2511
Cati,3860
Shell,5551
Rafael,277
Sandye,7240
Ringo,1450
Candide,6182
Ardisj,5017
Johnna,7083
Shaun,6794
Verina,8637
Shelton,6425
Ansell,6691
Graehme,2887
Georgine,717
Mozelle,1589
Corena,591
Fleur,3161
Caspar,9658
Brana,226
Daffie,4510
Kahlil,7970
Dean,4422
Tonnie,1089
Michaela,43
Bette,2965
Quintana,4939
Les,2146
Vasily,7998
Bertha,7784
Coretta,9355
Bernelle,7361
Elnar,2527
Marney,5733
Miguela,2780
Jackie,8482
Katinka,2553
Ebonee,1196
Lucius,6098
Domeniga,4331
Adelbert,6724
Danyelle,6198
Zorana,3347
Candy,7651
Reagan,2694
Carny,7038
Nelia,9832
Montgomery,5064
Clarence,3299
Tomlin,6756
Scarlet,3546
Torr,4162
Darill,8660
Selby,3124
Ame,5029
Liz,12
Genevieve,4463
Yoko,632
Benedetto,8831
Larine,7579
Laurie,667
Jesse,9115
Elie,5372
Merill,7760
Amery,1647
Reece,4367
Mohammed,2113
Nikita,4932
Zondra,2528
Adelina,3190
Pamella,8679
Jerrilee,4651
Eddy,4186
Barry,4625
Aurel,9624
Rivalee,9273
Audi,1899
Bancroft,8489
Riane,1022
Sasha,1180
Marlane,4869
Gretchen,7940
Cindra,704
Briana,4796
Gwenette,7554
Torrie,8332
Brok,2844
Kaitlyn,5253
Abby,1605
Stanfield,1837
Micheline,4819
Jacob,8940
Deidre,2871
Myrwyn,970
Jolyn,9539
Kendell,4503
Nikaniki,84
Inesita,4790
Annamaria,3121
Wanda,2361
Benedicto,9008
Jonis,5182
Hunter,8287
Barthel,2059
Caresa,7920
Marabel,4406
Stanfield,9974
Mathe,1602
Delcine,4501
Viv,5252
Conni,6635
Leonore,4657
Reggis,5351
Carine,7901
Trefor,6551
Jodi,6235
Rodney,8899
Eldon,9773
Leigh,3184
Phillie,2960
Winifield,3372
Claudina,9807
Guglielmo,7470
Dory,7278
Chelsie,9497
Anatol,1237
Dotti,4210
Timmie,2324
Bogart,6918
Rolando,9071
Fina,205
Oby,9290
Sandie,7478
Kelwin,5766
La verne,7875
Culver,9735
Duffy,7321
Pamelina,1407
Maryellen,1969
Oralia,6713
Deedee,9203
Gerianne,2265
Donna,4060
Maje,1722
Jodie,3407
Khalil,6857
Dominica,6637
Nealon,7589
Riccardo,2681
Kimberlyn,3643
Tye,9674
Rubina,9738
Magda,7232
Alfie,3591
Rosaline,1035
Nadine,5176
Mohammed,3243
Devi,9799
Sorcha,8499
Wendeline,554
Kara,1021
Ketti,1888
Wallis,3078
Guido,2931
Hadria,603
Issi,4077
Josefa,2026
Roanne,9790
Ibrahim,4971
Anthea,4426
Aluino,5329
Eadie,6931
Cassandry,4931
Bert,1514
Lannie,6892
Roley,1415
Salmon,8513
Alvan,222
Chase,9551
Alanah,2415
Manda,2812
Jolene,1397
Ranna,8773
Natty,5995
Nikos,8072
Mahmoud,6726
Miquela,7520
Ali,9485
Ambrose,6315
Lanette,5470
Lyle,5306
Billi,673
Gwenneth,9716
Celinka,6647
Raoul,5293
Maggi,699
Urson,3768
Reggi,9708
Robinia,7314
Aubert,4161
Etheline,7651
Ardine,7594
Xymenes,1341
Marlowe,4658
Jerrie,1408
Romola,2684
Dannel,3600
Ray,6587
Othilia,6371
Kyle,2257
Ambrosio,7075
Drugi,5863
Cathee,5960
Maje,2166
Loise,7004
Arabele,3926
Kath,1764
Reade,4383
Bobinette,9315
Ethan,3622
Stephana,9056
Lew,6819
Hadleigh,6388
Letty,4018
Harri,4540
Trudi,7857
Vivia,7407
Tori,4542
Garfield,7518
Keenan,1814
Bruce,7010
Orelia,7539
Ennis,1785
Georgianne,9056
Abbey,5307
Preston,1458
Star,2338
Karisa,4507
Evvie,239
Yehudit,8692
Danice,8165
Korry,9776
Adore,6033
Norton,8878
Basil,9071
Deanna,2665
Anna,1957
Albertine,6048
Hendrik,1956
Milissent,3000
Mitzi,3337
Delmore,6886
Evelina,2847
Eduard,412
Barnett,1716
Lynelle,2293
Erik,7727
Editha,182
Marie,9993
Hinda,6337
Aguie,7122
Darb,1891
Mattias,6513
Tan,9813
Britta,5398
Nev,2697
Ulrich,508
Vince,5307
Laure,666
Fredelia,5948
Carol,7775
Kora,684
Benita,3098
Rog,809
Felita,3890
Bonnie,5625
Brittany,8378
Avery,5301
Ofelia,6911
Sigrid,1053
Orton,1767
Deonne,9618
Ranique,2439
Isaac,4316
Worden,1073
Jobie,1667
Nikaniki,5004
Dulcia,1856
Hilarius,6701
Vivyan,1340
Anselma,8275
Gerry,6883
Milton,9251
Augustus,3067
Cello,6583
Ethe,1492
Brier,8578
Iolande,5067
Morrie,6305
Westleigh,3583
Rock,6985
Geoffrey,1718
Lyndsay,6639
Benita,5416
Fulvia,3349
Elsi,6879
Colver,2501
Huberto,6014
Husein,4133
Jessika,1262
Xymenes,2361
Rosabel,7130
Phil,7864
Joey,2985
Zenia,1033
Sharlene,2476
Milo,8117
Daffie,190
Wendell,1980
Foster,1775
Jaynell,6780
Zebadiah,7186
Arden,4330
Arvin,8932
Kylen,3478
Katya,6421
Ashlin,2166
Zak,7517
Fifi,1029
Carlyn,2448
Evonne,2831
Gideon,4785
Findley,475
Allayne,1383
Sharline,634
Joelie,8422
Fenelia,4175
Margareta,9000
Miran,4392
Maxine,2684
Trista,9833
Ingunna,2566
Geralda,4018
Derward,5628
Erny,7438
Eberhard,8755
Tania,3706
Son,3487
Pail,7724
Dwain,8027
Chase,6151
Gregg,7188
Jana,7334
Carmine,8735
Margette,1274
Kore,8961
Gloria,9610
Yoshi,2340
Jami,5108
Elisabet,7318
Glenine,9736
Lucretia,2706
Madge,1933
Jerry,67
Virginia,1701
Casar,2375
Jarvis,9974
Shoshanna,2782
Astrid,2652
Debby,1100
Georgianna,327
Sterling,3590
Valera,8582
Noel,5523
Sarene,2907
Maribelle,6977
Rochette,396
Tomlin,4513
Vassily,1127
Ofelia,8576
Janette,3608
Lea,2331
Jsandye,112
Reade,605
Annie,8716
Olwen,1658
Carmina,4381
Belia,7747
Vickie,3508
Reena,4729
Ignace,3312
Jsandye,5276
Gabriella,2191
Jacinthe,4369
Johann,6955
Coleman,5006
Leonhard,8930
Mead,3267
Bradney,7295
Ailbert,5798
Chanda,695
Norrie,9491
Ginevra,5703
Cristin,219
Carlie,4635
Alecia,10
Danette,2225
Lizzy,5757
Ninette,5138
Derron,7809
Axe,8326
Elston,6383
Elise,6737
Errick,4612
Taddeusz,6740
Nana,700
Sallyann,2543
Lisetta,6859
Nerty,1031
Willyt,9120
Ilaire,9841
West,6660
Ardys,4242
Sax,6583
Sandor,2201
Andy,4163
Loella,1198
Lynna,4501
Devy,3931
Delaney,1796
Boyce,3548
Brook,848
Wandie,3195
Sawyer,2414
Biddie,1662
Tracie,1506
Reinhold,9386
Lewes,5526
Latrina,9054
Fidole,5038
Salem,7334
Livvyy,8129
Lorilyn,1427
Mikey,789
Pedro,733
Ediva,6423
Frankie,2400
Kristen,4278
Niki,3141
Theo,6263
Elsey,391
Edgard,2027
Gabey,1307
Pippy,5353
Janean,3278
Hakeem,5389
Ulric,4472
Karissa,1599
Peyton,8467
Austine,3767
Adham,1619
Bunni,7246
Etti,5804
Kurtis,3653
Ellwood,9767
Bailey,7787
Gratiana,1877
Earlie,9007
Mohandis,9904
Dixie,2615
Lorrin,5585
Marje,2977
Cob,8991
Hollie,4865
Shermy,6534
Archibald,1245
Robinia,1726
Carroll,4172
Sydney,3863
Cosmo,6984
Reena,8690
Hillary,5612
Ossie,3350
Celeste,6365
Jeremy,9557
Lana,1012
Archaimbaud,7978
Eachelle,5118
Ewen,3050
Deborah,9523
Saxe,1738
Sunny,4121
Daron,3103
Blake,8746
Hinda,589
Aurel,7524
Cherilynn,4561
Harli,1931
Cissy,961
Annalee,5209
Lionello,4791
Niven,6840
Kerry,2668
Dulci,23
Fiona,3918
Isa,6713
Letti,6618
Allan,3750
Kathye,1852
Mack,7334
Patsy,3210
Cleon,644
Archer,9189
Ulrick,7612
Seumas,9160
Terrijo,9472
Sile,3018
Wang,3966
Casi,9130
Teador,2051
Mignonne,6685
Audrye,9631
Eugenie,7182
Theresa,8583
Rosamund,13
Anatole,3082
Letitia,3280
Giacopo,9131
Alidia,7292
Duff,2222
Felisha,5754
Alric,522
Jeremie,9438
Giustino,5703
Tadd,9962
Drusilla,4107
Cayla,5590
Sutherlan,8771
Riobard,7905
Bronnie,2091
Faunie,7008
Babita,4959
Amberly,2255
Elwin,3902
Darleen,2399
Candis,9531
Roselle,2204
Seamus,5082
James,6652
Flemming,2211
Olin,9979
Malorie,7786
Merrile,6341
Vanni,1102
Shaine,7924
Cooper,6454
Teodora,3989
Aveline,1480
Harriett,3976
Maud,9554
Selle,1586
Sigismund,4057
Bradan,9809
Donnie,2088
Roscoe,9674
Clea,4477
Hurlee,6014
Bartolemo,1853
Janine,4525
Fleur,7954
Edy,2003
Garnette,1447
August,2535
Sandye,9323
Sharia,6199
Carmela,9431
Deane,904
Thorin,6729
Brooke,8014
Sonnnie,2740
Emlynn,2346
Estele,959
Carmella,5665
Lorettalorna,2180
Wayland,626
Mavra,8835
Binnie,2850
Margaret,9433
Zorah,546
Rheba,6441
Vina,2236
Corinna,1228
Lane,9559
Fairlie,4402
Mahmoud,2402
Lorne,9532
Elroy,2044
Adorne,1564
Sonni,1783
Bart,4866
Etty,7046
Tricia,4443
Lyndy,5273
Skipp,9287
Crosby,5049
Jonis,730
Frederic,3326
Katerina,9807
Simona,4554
Maddalena,3688
Brooke,2463
Jenda,3513
Herb,677
Carol,8426
Claribel,9430
Tonia,6300
Josefina,2554
Jillie,2685
Donall,3608
Wilmette,5651
Kelwin,5726
Shirley,44
Bell,3494
Kareem,9938
Fred,3590
Bernita,7383
Wes,717
Sharona,5758
Angie,9215
Aigneis,8011
Ly,3895
Karlens,4185
Fax,9762
Luz,7209
Wini,3904
Daron,9919
Katee,7632
Hew,5447
Alida,9021
Paulie,1371
Janina,6384
Omero,3673
Sue,1023
Maudie,5924
Ginni,8965
Loralie,6812
Svend,7631
Antoine,5627
Ethelda,5654
Illa,942
Dulcine,5616
Amii,7044
Blaine,2432
Filippo,7851
Berkley,4374
Darnall,4435
Adorne,5081
Nye,6202
Regan,2911
Daven,8152
Rodrique,8184
Rodi,8758
Jacinta,5958
Inge,5354
Marchelle,3994
Ephrayim,698
Danita,2922
Guthrey,6211
Elke,7095
Frederique,6738
Analise,1010
Maryanne,4230
Brunhilda,7630
Ephraim,3196
Johnathon,551
Valentin,4363
Aubine,7707
Emlyn,7037
Thia,5426
Fae,2549
Wallis,227
Caitrin,7608
Cortney,9031
Martie,3442
Wandis,6235
Nil,5698
Karim,318
Pamela,6648
Shina,4638
Felicia,4799
Shayne,6718
Wait,3391
Pieter,7686
Carl,6866
Ike,8191
Walden,7136
Dex,6962
Bev,8222
Zulema,9178
Janie,8319
Pooh,5731
Audy,2027
Shea,2308
Lark,8125
Thibaut,6684
Almira,5860
Marinna,162
Aile,9720
Bronson,6867
Roxi,6861
Priscella,7901
Arv,8300
Fiona,1299
Shermy,6181
Eadie,9892
Genni,876
Timothy,8169
Rica,8316
Rebeca,6812
Pam,5136
Morgen,2481
Danyelle,8504
Briny,3149
Rikki,7162
Rebeka,589
Somerset,7475
Tucker,3853
Shelley,6021
Abby,9847
Roosevelt,4848
Wally,9588
Chan,8726
Durant,4061
Jemimah,5264
Pierrette,6936
Horatia,3349
Gennie,3487
Eldredge,2991
Brig,1397
Andreas,5097
Bridget,7161
Doti,250
Sheela,8576
Cristal,523
Dannie,6316
Giavani,8003
Warner,96
Dario,4177
Latashia,1915
Halsy,2383
Benedict,1137
Ferdinand,3334
Caz,1475
Tilly,7105
Kellen,2669
Gradeigh,1647
Genna,8199
Arel,9200
Peyter,7830
Oates,4736
Mata,5911
Pail,2627
Sheilakathryn,7136
Jaymie,6457
Jaclin,5051
Trevar,2324
Catie,8377
Darren,8557
Nance,370
Inesita,9654
Abbie,6387
Egon,6956
Louisette,7845
Sven,2117
Melvin,7351
Orelee,9545
Eleanor,8783
Frederique,3572
Vivie,1190
Rock,2249
Lammond,6774
Carrie,8241
Denney,5164
Gerik,6631
Trisha,3363
Barbabas,6263
Thurston,338
Constancy,6200
Natty,7062
Shawn,3939
Amberly,3256
Cherry,3564
Hendrik,9678
Terrie,1203
Julina,985
Hansiain,2382
Victoria,6756
Drona,8968
Henrik,8977
Korney,8454
Roxie,9867
Lock,7713
Therine,8197
Isidoro,9515
Syd,5712
Vivien,1919
Johnathan,3876
Vernen,3159
Ella,5090
Ginny,3131
Sabine,2275
Sullivan,3310
Waldon,846
Angus,1616
Amandie,4350
Galvan,9226
Bertie,4750
Vladamir,6042
Darrelle,2951
Neel,3661
Dita,4467
Romeo,7791
Vincents,9160
Crissy,8595
Nevil,7578
Sheryl,9139
Teddie,2838
Darn,2574
Lanie,9383
Emilia,1394
Kristoffer,7704
Avigdor,7325
Claudia,5853
Symon,3593
Brana,5054
Windham,8256
Anderea,9589
Gwenny,6468
Sara,4610
Rachel,1298
Erik,4841
Willette,6250
